designation,Area,Cent_x,Cent_y,Count
group100.1,38744,-86.73572606501081,41.68244248446216,37
group101.1,466226,-86.91885863299164,41.67767395403643,431
group102.1,120507,-86.15903730425208,41.678600657524996,144
group103.1,164371,-85.91024120516037,41.6778791349805,159
group104.1,18055,-85.0665192048875,41.671646053816666,24
group105.1,21747,-85.46080376097085,41.669408131716665,24
group106.1,43998,-85.04977211780889,41.66698804785111,45
group107.1,45677,-86.60035888527551,41.664979070467346,49
group108.1,224938,-86.32466116369743,41.66057044161544,272
group109.1,83557,-86.02632738813247,41.657006894109095,77
group110.1,8589,-87.52344289803334,41.65637813206667,3
group110.3,126551,-87.51997468039096,41.64730219744699,166
group111.1,676,-85.7061262821,41.6569767111,1
group112.1,505102,-86.152120769225,41.64648957518774,604
group113.1,46780,-87.51546023902777,41.64767549664629,54
group114.1,27693,-85.40578411331725,41.648151521879306,29
group115.1,106814,-85.95811983472419,41.64710695183736,91
group118.1,226621,-85.82358988937679,41.63680482878277,267
group119.1,114308,-85.01537920292857,41.63864170522232,112
group12.1,155136,-87.58454822037127,38.006394493449726,181
group120.1,185153,-86.6772647920218,41.63527737322749,211
group121.1,96924,-85.41892905777473,41.633816105,95
group121.2,27487,-85.41504033502083,41.633468827804165,24
group122.1,102057,-85.07182207725074,41.63466751991567,134
group124.1,82313,-86.73663508026748,41.63186478812651,83
group125.1,90179,-85.04535422151089,41.630791777353465,101
group126.1,33387,-86.69091041777429,41.62677393509714,35
group127.1,49669,-85.90414580477648,41.61854472092353,34
group128.1,71612,-87.14183446721944,41.61643638420278,72
group129.1,35297,-86.89549017927,41.61526613572333,30
group130.1,18929,-87.10978216252857,41.6090289851,21
group131.1,466887,-85.88321473922912,41.605483684808135,553
group132.1,172144,-85.858615275018,41.60032729313772,228
group132.2,26907,-85.84930932100953,41.597844990676194,42
group133.1,265476,-87.13769395699492,41.595893173379686,315
group133.2,16129,-87.14836482400952,41.60055810680952,21
group135.1,190160,-87.25482385038185,41.59291788326106,226
group135.2,53554,-87.2586492984486,41.59722831879444,72
group136.1,140949,-87.19577631654045,41.59555223389,220
group136.2,111409,-87.19179563004637,41.5919185700905,179
group136.3,18815,-87.20208417538437,41.59324614929375,32
group137.1,21699,-85.00982307211818,41.59567184248636,22
group138.1,327497,-85.88253900451102,41.59104865441888,408
group139.1,233898,-86.27975790255091,41.58821944080229,218
group140.1,37660,-84.9999596362087,41.57599803754565,46
group141.1,302483,-87.13894791221273,41.569502576368485,330
group142.1,204665,-87.09718944264922,41.56742640489791,191
group143.1,24564,-85.24889743885807,41.56982051602903,31
group143.2,19002,-85.24888516567084,41.56782053915417,24
group143.3,9397,-85.24967045001539,41.56577304126154,13
group149.1,127502,-86.04780400105548,41.75873885414671,137
group15.1,24164,-86.80088681947812,37.998542874428125,32
group150.1,82512,-85.65285955872021,41.75842414860958,94
group151.1,56537,-85.78235416510113,41.33367325362247,89
group152.1,30183,-85.75996520312896,41.33109184042632,38
group153.1,34549,-85.69948024789575,41.33109862965532,47
group153.2,26831,-85.69691591899047,41.331436961885714,42
group154.1,74418,-87.1979318803835,41.32336098622198,91
group155.1,20353,-85.59140597913809,41.32344944842857,21
group156.1,17497,-86.20203361128095,41.32218472898095,21
group157.1,44274,-85.13569326853062,41.32084597842857,49
group158.1,16900,-84.89602625789048,41.31751317122857,21
group159.1,39651,-85.7558365225087,41.31520874157826,46
group16.1,45126,-87.52415491101864,37.99486006542034,59
group160.1,19890,-85.7443166881077,41.30762323662308,26
group161.1,31125,-85.66215105558379,41.30765217446216,37
group162.1,31328,-85.72117285579782,41.301510052354345,46
group163.1,299359,-85.83931855376117,41.29726483300099,304
group164.1,225463,-87.30994985365574,41.29147935674631,244
group165.1,89267,-85.73435199994091,41.290833706092045,88
group167.1,124454,-85.81204053771,41.288247773078,150
group168.1,26404,-85.68876258503953,41.28488967183721,43
group170.1,49398,-86.0525998649091,41.27562016270546,55
group171.1,33832,-85.78857682984615,41.2675224449,52
group172.1,229766,-85.81124524869217,41.265238627337396,230
group173.1,80493,-85.84428824773366,41.26197855345049,101
group174.1,39925,-85.36041429319185,41.25753309426122,49
group174.2,23134,-85.36361109576538,41.260047283930774,26
group175.1,188422,-85.91618514838441,41.250168278066795,250
group176.1,10019,-87.4660963903077,41.24870798711538,13
group177.1,75649,-86.25244381905422,41.243835857110845,83
group178.1,31298,-85.37318977453421,41.23599651197105,38
group179.1,86650,-85.8075781906713,41.22931559353241,108
group179.2,28486,-85.81320077747779,41.230338005975,36
group179.3,5079,-85.81541800808573,41.233531816057145,7
group179.4,14659,-85.79883803619167,41.22831756361666,12
group179.5,19417,-85.8062552722625,41.22636455365,16
group179.6,55737,-85.80798905513026,41.22380489880526,76
group180.1,12032,-85.70028774094445,41.22770765653333,18
group181.1,36626,-85.3189542423394,41.225131634933334,33
group182.1,85144,-85.78248473874565,41.22011046652174,92
group182.2,28375,-85.78713034525384,41.22400825810513,39
group183.1,35030,-85.90976688995909,41.21742027821818,44
group184.1,56874,-84.96492517706956,41.21522777515217,69
group185.1,102276,-85.68634384987017,41.198118375068546,124
group186.1,140376,-85.89020751696862,41.194824615189546,153
group187.1,11298,-87.05111809532667,41.19325843988,15
group188.1,48335,-85.82182895246734,41.193635526853065,49
group189.1,28412,-87.18227846631613,41.18872439220645,31
group19.1,16840,-87.5349921297276,37.982118843106896,29
group192.1,19609,-87.32980683306,41.17852248249,20
group193.1,252452,-85.08628640886498,41.17607242734467,197
group193.2,33502,-85.07303453369444,41.177106133897226,36
group194.1,13321,-86.03558762904285,41.17671634562857,21
group195.1,22426,-86.04784217036539,41.17521341251539,26
group196.1,171516,-85.47755385456162,41.17093802167674,172
group197.1,91746,-85.4051837197823,41.162931232067706,96
group198.1,14933,-85.508238594625,41.159104319425,16
group199.1,9060,-85.49590898548666,41.15313864468,15
group2.1,37417,-87.261541646125,38.049396679207696,52
group200.1,72225,-87.31698893196261,41.15291359792348,115
group201.1,303925,-87.2709189688259,41.14841308144259,479
group202.1,714976,-85.20309913265272,41.143543021004824,643
group203.1,126868,-87.35168141282404,41.14225113525736,129
group204.1,246455,-85.18544440053236,41.13533107924727,275
group204.2,207330,-85.17923413922091,41.13006569820697,287
group204.3,209366,-85.18599398959768,41.12892552372525,301
group205.1,197215,-85.17248352877158,41.137050797471225,278
group206.1,81781,-84.86153502488571,41.12682413593265,98
group207.1,35705,-85.13345673088261,41.11340289465797,69
group208.1,41904,-85.90071439988378,41.10904270490811,74
group208.2,13652,-85.90981266515185,41.10778175603704,27
group209.1,41561,-85.14603221148309,41.10472188382769,65
group21.1,81281,-86.76827048414783,37.96907595152087,115
group21.2,15496,-86.76351003037917,37.96523758997083,24
group210.1,35956,-85.94656818095179,41.102903297960715,56
group211.1,16669,-85.15588380190476,41.10108340036191,21
group212.1,16704,-85.89782108628276,41.07923477523448,29
group212.2,16000,-85.89112678605001,41.08066111670385,26
group213.1,64583,-85.621330397296,41.07937660851867,75
group213.2,42235,-85.61645755856155,41.076467528133335,39
group215.1,36860,-85.06832352799265,41.073706654635295,68
group216.1,34058,-85.03579687400975,41.070899802131706,41
group216.2,45416,-85.03229332943731,41.07087470927164,67
group216.3,4682,-85.03138652307777,41.06956950685556,9
group217.1,104209,-86.2044327744543,41.06976548466293,116
group218.1,46247,-86.2272105131,41.063768633485964,57
group219.1,24322,-85.07237545245,41.06343106345,42
group22.1,71175,-87.37746511512728,37.96376661848485,66
group22.2,46978,-87.3807170409077,37.964561076686536,52
group221.1,221712,-85.04614676367892,41.05831207266054,185
group222.1,211402,-85.06186102377168,41.05143461516014,286
group223.1,243835,-86.2280053739691,41.05114730015,246
group224.1,41321,-85.74149868550407,41.05087135505306,49
group225.1,16263,-85.12548584977894,41.03469298126316,38
group225.2,26908,-85.11690896338888,41.032754108094444,36
group226.1,19693,-85.17990553585909,41.032927732159095,22
group227.1,102423,-85.07538621887768,41.01973508974793,121
group228.1,18460,-85.76416554002857,41.01631206124286,28
group229.1,114286,-85.10784002538637,41.01594414088712,132
group23.1,115340,-87.41732302753512,37.95199689038778,131
group230.1,248781,-85.16268969975116,41.004039715317944,301
group230.2,16746,-85.1683781855,41.012532761435715,28
group231.1,28564,-85.18133950007619,41.00785401930238,42
group232.1,81299,-85.78587855187105,41.003947185853946,76
group233.1,154637,-85.0917452424046,40.985117759128165,174
group233.2,39313,-85.08729091102033,40.98605608486102,59
group234.1,273425,-85.23439709110731,40.97071459818269,260
group235.1,62411,-84.86748311396912,40.967027028179416,68
group236.1,41200,-85.38273146256,40.96611392517,50
group237.1,114227,-85.37923518775276,40.948672705405514,127
group238.1,73366,-85.07275436491132,40.94462655388302,106
group239.1,32528,-87.1678724152561,40.932944947853656,41
group24.1,273584,-87.47454511391416,37.94345153994549,233
group240.1,169561,-85.1707707662665,40.9035153504835,194
group241.1,72532,-84.99222756844266,40.90348464856534,75
group242.1,30863,-85.47960053995277,40.894720770233334,36
group243.1,38860,-85.48659581810588,40.87082709551029,68
group243.2,15801,-85.479206874808,40.866668970716,25
group244.1,42339,-86.76922526677446,40.86866489935745,47
group244.2,16990,-86.77125849124614,40.86648629321538,26
group244.3,12948,-86.76649233311053,40.86781845288947,19
group245.1,44520,-86.88538769589614,40.864636385717304,52
group246.1,23168,-85.60477470237143,40.86026090235,28
group247.1,45794,-85.53638316438985,40.857733208262324,69
group248.1,105186,-85.52628649074538,40.85736955390168,119
group249.1,57588,-86.77021979274343,40.854890798057895,76
group25.1,81688,-87.51708728761668,37.93994440385392,102
group250.1,41242,-85.606770152666,40.853226940556,50
group251.1,84293,-86.78215065106423,40.83671331629174,109
group252.1,52649,-86.79542163602727,40.825200926092734,55
group252.2,62918,-86.78810595191493,40.82175046856567,67
group253.1,132146,-86.7927826057303,40.81079491470121,165
group254.1,24779,-85.88209314279334,40.80886268015667,30
group255.1,52678,-85.8110785820463,40.807164645225924,54
group256.1,33465,-84.95467148213409,40.803923974925,44
group257.1,32456,-85.90099139252092,40.796506265690695,43
group258.1,16735,-86.75307706305556,40.782376959977775,18
group258.2,10436,-86.75474145390909,40.78292554283637,11
group259.1,25737,-86.35638753242354,40.77537184212941,34
group260.1,89544,-86.07155924012754,40.76614021504638,69
group260.2,92898,-86.07010404269687,40.762901463958336,96
group261.1,19194,-86.53635865692273,40.76514661589545,22
group262.1,48972,-86.04515611742983,40.764076389535084,57
group263.1,36490,-86.39462601771703,40.75574134122128,47
group264.1,38041,-86.40500856323125,40.7540301198125,32
group265.1,7997,-86.87566834477273,40.751521257845454,11
group266.1,250062,-85.15857504225163,40.74521777486397,308
group266.2,38407,-85.15584470007347,40.752241572440816,49
group267.1,49123,-86.09117262077343,40.74861677439219,64
group268.1,65035,-86.07067448351,40.74575955873143,70
group269.1,42859,-85.80272733292286,40.74704080651143,35
group270.1,15820,-86.83188996330527,40.74527890601579,19
group271.1,37698,-85.1855123723561,40.74380523256829,41
group272.1,41013,-86.3574214211037,40.741696794637036,54
group273.1,69563,-85.18228176616512,40.73031250614303,86
group273.2,37643,-85.18684715795385,40.73369841966538,52
group274.1,83568,-86.28784948400882,40.724604306286274,102
group274.2,50063,-86.29092770635756,40.727730615540914,66
group275.1,104412,-86.130727660045,40.72308972015072,140
group275.2,14742,-86.12604253610476,40.72067877307619,21
group276.1,49030,-86.75009046376414,40.711849959698114,53
group277.1,51180,-86.12658157598474,40.67950656381187,59
group278.1,12441,-86.13617638734667,40.67760133866667,15
group279.1,20237,-85.87795876243999,40.663866890568,25
group279.2,15109,-85.88014753166819,40.665178772645454,22
group280.1,53398,-84.94594370501166,40.66051576815166,60
group281.1,48905,-86.10463477342857,40.657125216859185,49
group282.1,42739,-86.6786653669532,40.58951936402766,47
group283.1,25102,-85.87682942337354,40.585690144397056,34
group283.2,21104,-85.87057265121724,40.581422735124136,29
group284.1,9510,-84.96151143689374,40.5860461165125,16
group285.1,82043,-86.12938224859182,40.57851698706091,110
group286.1,40265,-86.183522290226,40.573499274314,50
group287.1,101004,-85.57533899894285,40.55671416725055,91
group288.1,34173,-85.59116706864167,40.552227836970836,48
group289.1,75475,-85.69056751103496,40.54601578565146,103
group289.2,41897,-85.691271644964,40.548748693988,50
group289.3,30597,-85.6884036043361,40.550109335480556,36
group29.1,44736,-87.05598322969826,37.893343641791226,57
group29.2,12304,-87.05271706646111,37.89237744828889,18
group290.1,31453,-85.28660676619167,40.55018219840278,36
group291.1,62905,-85.70654409655572,40.543784589167146,70
group292.1,54079,-85.67610002496198,40.549002650973236,71
group293.1,60754,-86.51637109348286,40.542639844752856,70
group294.1,226728,-85.62192989587803,40.53672892332564,273
group295.1,56309,-86.1286468801359,40.528206542069235,78
group296.1,33231,-85.64885062652439,40.520516716948784,41
group297.1,255630,-86.1245008045872,40.516898513589226,297
group297.2,161063,-86.13053081883189,40.51455103701693,254
group297.3,60580,-86.12802874032609,40.51168064372065,92
group298.1,441817,-86.87932866422743,40.51435817696588,463
group299.1,26865,-85.64634703264635,40.5086378724878,41
group3.1,184655,-87.35619618860974,38.046601013106155,195
group300.1,30520,-85.81700214278,40.50778647884286,35
group301.1,14333,-86.13298526302631,40.50276344068947,19
group302.1,29288,-85.14332459438684,40.486038925757896,38
group303.1,107224,-86.10470909983142,40.48259932722857,105
group304.1,68508,-85.9721643607512,40.48291259342619,84
group305.1,108706,-85.65067314646302,40.482241645212326,146
group306.1,27911,-86.83031528936924,40.480212042530766,39
group307.1,27746,-85.4888756189946,40.47470083448649,37
group308.1,43218,-85.63876691407307,40.47323629451346,52
group309.1,165842,-86.95040700336703,40.46951130016978,182
group310.1,55158,-85.37504779883913,40.46306224524203,69
group310.2,821,-85.374067228,40.4647754984,1
group311.1,276042,-86.96053089487559,40.456299265208635,336
group311.2,824,-86.962198354,40.4565888213,1
group312.1,94989,-84.97655219866435,40.4578644650574,115
group313.1,111031,-86.04317650973525,40.450819137685244,122
group315.1,43076,-86.88412304756429,40.44744333478,70
group316.1,53032,-85.37191500666418,40.43642176066268,67
group317.1,52922,-85.64352161253969,40.429141603644446,63
group318.1,28519,-84.99045419343044,40.426658817730434,23
group319.1,39953,-86.59604062374399,40.423654764164,50
group320.1,21182,-85.672885517725,40.42156702693571,28
group321.1,66675,-85.64211953402933,40.418166416232,75
group323.1,44285,-86.27502407949216,40.41339276252549,51
group324.1,125391,-86.12994039138883,40.4122336894795,161
group325.1,126338,-86.85544132366667,40.40844682945,150
group326.1,7277,-85.49361796551818,40.386564882845455,11
group327.1,161597,-86.83444800546344,40.37937320331989,186
group328.1,39994,-85.6544093076,40.38070970369565,46
group329.1,42279,-86.92724654709778,40.377349147151115,45
group330.1,52672,-86.94927816476812,40.3716794341029,69
group331.1,40569,-86.90419645622593,40.3613230005,54
group332.1,33936,-85.34555106961218,40.336830095724395,41
group333.1,23493,-85.49520006288077,40.31270122741538,26
group333.2,20139,-85.5009954569174,40.30954434638261,23
group334.1,24688,-85.2404272600564,40.304997642535895,39
group335.1,22613,-86.3662219496963,40.30221902432592,27
group336.1,29416,-85.02352101123513,40.295080485975674,37
group337.1,70412,-86.52384438256603,40.294461811866995,103
group338.1,36475,-86.03330911979347,40.29472102135652,46
group339.1,32189,-86.60911460304285,40.28922420922,35
group340.1,53465,-86.05067608854705,40.28536381701029,68
group341.1,79616,-86.02142336818922,40.2815743939147,102
group342.1,92908,-85.36983138763458,40.28004841684673,107
group343.1,41000,-87.255636071278,40.278010097522,50
group344.1,52905,-85.66955642310148,40.27517107411045,67
group345.1,95533,-85.43192100828384,40.27537394161212,99
group346.1,10947,-86.51901825947999,40.273447767453334,15
group347.1,92038,-85.81774019953407,40.26831761443956,91
group347.2,48913,-85.82006729551125,40.2638986940625,80
group348.1,10308,-85.72632516873,40.26765825771,10
group349.1,11954,-86.7213873705611,40.24990561345555,18
group350.1,41631,-85.66832980551965,40.249171897258925,56
group351.1,108967,-85.4552419167662,40.242091848186895,145
group352.1,130229,-85.3571002108528,40.22192744048451,142
group352.2,82737,-85.365503966131,40.231897400275,100
group353.1,59494,-85.76211835784267,40.224614980204,75
group353.2,55125,-85.7620661162017,40.222299905886445,59
group354.1,24185,-85.38443813153448,40.21579798828966,29
group355.1,23409,-86.02469522969285,40.211462603157145,28
group356.1,77296,-84.81985475907788,40.19306710115474,95
group357.1,9521,-85.12233929503847,40.19116688463846,13
group359.1,35723,-85.2113027457175,40.19011574178,40
group360.1,107766,-85.35759799625463,40.187378511036925,130
group361.1,46541,-85.45073311409195,40.183232571717745,62
group362.1,150627,-85.42053614366957,40.17969090698152,184
group362.2,273096,-85.426599694986,40.1770433285516,250
group363.1,17863,-85.39478711095454,40.176096123149996,22
group364.1,25005,-84.96145321468799,40.173728211252,25
group365.1,15938,-85.37432985621,40.17198684983,20
group366.1,48085,-85.67711826926143,40.16229558903,70
group367.1,18283,-84.98505107905518,40.1630885405069,29
group368.1,20047,-85.36296801811213,40.16088645867879,33
group369.1,120988,-85.36969157412258,40.151371062264516,93
group370.1,21245,-85.38819921740607,40.15042216880606,33
group371.1,18680,-87.38726152420416,40.14184674894583,24
group372.1,176708,-86.02951967502096,40.134623090269464,167
group373.1,19579,-85.67295848195172,40.133036696117244,29
group374.1,118806,-86.21743616396212,40.12879944391212,132
group375.1,27079,-86.61325228190293,40.12761898036765,34
group376.1,22758,-85.946406671125,40.12330083583214,28
group377.1,32138,-87.2468618636475,40.1227712361975,40
group378.1,15698,-85.47381468191904,40.11629254990476,21
group379.1,236062,-85.57999915893605,40.11164371718627,233
group381.1,23326,-86.7842273311762,40.105456798652384,21
group382.1,46983,-85.66039232730192,40.0994360525077,52
group384.1,240094,-85.64754303867583,40.09435752858517,236
group384.2,17664,-85.64244496540587,40.08904903084118,34
group385.1,128234,-86.01185207320519,40.092165281650004,154
group386.1,12948,-87.06412872531764,40.09163536757647,17
group387.1,320863,-85.70076498204264,40.077895822302715,258
group387.2,421840,-85.70400511786853,40.07292449631235,251
group387.3,16656,-85.7023280771,40.08155184887143,14
group387.4,24112,-85.69444894234583,40.07846134995417,24
group388.1,17308,-85.71743435844999,40.072951869492854,14
group390.1,18429,-85.87232304505652,40.06961506664348,23
group391.1,101692,-85.54056083771063,40.06532409536283,113
group392.1,64636,-85.68341765512196,40.06271657239878,82
group393.1,47888,-85.70704921546842,40.06234014350176,57
group393.2,27022,-85.70423344708125,40.060352439609375,32
group394.1,44115,-85.8983122261732,40.05892917184464,56
group395.1,284529,-86.48473202055641,40.05457487891696,289
group396.1,263531,-86.13545431218436,40.05415193208327,275
group397.1,20997,-86.90332361777727,40.054768314313634,22
group398.1,64199,-86.02159169888286,40.05079578182571,70
group399.1,48246,-86.28589379341723,40.04614606068103,58
group400.1,58959,-86.47223407872168,40.04341487731686,83
group401.1,55662,-86.19338642766479,40.04350142848873,71
group402.1,563322,-86.03182739639921,40.03727155657113,374
group403.1,239167,-86.89153902874521,40.02275287597701,261
group404.1,94718,-85.756998103185,40.004690606897,100
group405.1,42701,-85.71157487644182,40.00292216952182,55
group406.1,201333,-85.83673469964236,39.99084427273054,203
group407.1,81035,-85.39431133827395,39.9771505094625,96
group408.1,25123,-87.27215435958276,39.969034329382765,29
group409.1,11777,-84.87769562696428,39.94061465030715,14
group410.1,82268,-85.35836554185126,39.93626569598625,80
group411.1,19791,-85.34569860073448,39.933180826813796,29
group413.1,13462,-85.15229542185263,39.91874036641579,19
group414.1,40272,-85.38630621660425,39.91667087481702,47
group415.1,18928,-85.17432406032778,39.91573678021667,18
group416.1,143827,-85.94403707100508,39.881622364280254,157
group417.1,33331,-84.940339689338,39.875643910482,50
group418.1,294637,-85.98877807695324,39.85081149927593,216
group418.2,158002,-85.99331485289926,39.85012338312164,134
group418.3,451385,-85.99583096773424,39.84509143313153,333
group418.4,326537,-86.00413643664756,39.85026724213943,246
group418.5,40299,-86.012699143864,39.845788382828,25
group421.1,21741,-84.88169180114643,39.843796309560716,28
group422.1,327581,-84.91333624500832,39.84069932884107,336
group423.1,8010,-84.89866243755556,39.8352496755,9
group424.1,90867,-86.34768866244424,39.82100357932921,113
group425.1,58943,-84.96500932972,39.819208702324616,65
group426.1,17440,-85.12600491852223,39.81794871997778,18
group427.1,40979,-85.06070000346956,39.81688410969565,46
group429.1,24086,-86.32807595117318,39.81527901313902,41
group430.1,44352,-85.112068818942,39.815542560354004,50
group431.1,15459,-85.137451251785,39.81409114335,20
group432.1,124118,-84.88696433679328,39.80792917848824,119
group433.1,350602,-86.34248742674949,39.79720327642356,382
group434.1,8843,-87.37007574515455,39.79918908771818,11
group435.1,12251,-85.46875976673529,39.79867656191176,17
group436.1,33675,-85.76100600184,39.79159701171833,60
group436.2,28796,-85.76297899846764,39.79299559690588,34
group437.1,211763,-86.3157898729676,39.79052395511127,142
group437.2,39040,-86.32387508434286,39.78260586843929,28
group438.1,40598,-86.24086648511864,39.78993049889152,59
group439.1,25137,-85.9027437959,39.78017914909629,27
group440.1,94225,-85.863867817202,39.779541720479,100
group441.1,59564,-85.77298370421525,39.77792923774407,59
group441.2,22287,-85.769312189628,39.777469824172,25
group442.1,33333,-86.25316679920245,39.7716917235,41
group443.1,236905,-86.0381067938621,39.766973922923825,277
group443.2,48069,-86.03445120059028,39.77083383129583,72
group444.1,35270,-86.01692549661563,39.77141896535937,32
group445.1,9040,-85.621896924725,39.771312139224996,12
group446.1,104528,-86.21792960286187,39.76730532684245,139
group447.1,49495,-87.22386232481786,39.7643824306125,56
group449.1,84295,-86.24456550064092,39.76321297814318,132
group450.1,82846,-86.35583802514564,39.76116747869783,92
group451.1,26755,-86.45830446459333,39.761216407586666,30
group452.1,113254,-86.06087081956917,39.758575241387675,146
group452.2,58846,-86.0524931631127,39.7570543799127,63
group454.1,125449,-86.0282893762354,39.753590532675155,161
group456.1,23541,-86.2169872165,39.7492213626,35
group457.1,25047,-86.25149100325511,39.74758090065715,49
group458.1,12471,-87.02478877737826,39.73918610325217,23
group460.1,51729,-85.8833431226351,39.73101637469298,57
group461.1,151066,-86.93450323894326,39.727944712512056,141
group461.2,56058,-86.925720502725,39.72736284200179,56
group462.1,264823,-86.24572722470059,39.722491214304966,342
group462.2,264678,-86.25289651496016,39.718609418906645,271
group463.1,163725,-86.36922340789825,39.712409054801164,172
group463.2,27202,-86.36309415779216,39.716672761792154,51
group464.1,271439,-86.05170986140777,39.7067179437125,296
group465.1,529466,-86.272667876961,39.699036127215166,600
group466.1,115737,-86.23171461483876,39.70373869464264,129
group467.1,189266,-86.13187183360947,39.69724890245676,222
group467.2,61843,-86.1336958305603,39.70014450642059,68
group467.3,62415,-86.13354216704026,39.68928017690649,77
group468.1,24733,-85.69355611038286,39.67394631867429,35
group468.2,13692,-85.70111038421766,39.66938373969412,17
group469.1,110409,-85.15004186394918,39.65892045853934,122
group470.1,28669,-86.86862095574286,39.65083385103714,35
group471.1,22211,-85.15167755988824,39.6505007158647,34
group471.2,13512,-85.15016465935,39.646375822695,20
group471.3,9535,-85.14863457302856,39.645183077199995,14
group472.1,9592,-84.94780508482499,39.637433532575,12
group473.1,148797,-86.18211202507892,39.62928827421838,185
group473.2,76854,-86.17845629164368,39.631903818732184,87
group473.3,53470,-86.18257342587222,39.63336965106111,54
group474.1,75951,-86.85347822496179,39.63106265026966,89
group475.1,75316,-85.9209680374247,39.61554885766049,81
group476.1,15959,-85.15064245956957,39.61614200474783,23
group477.1,10285,-86.38284699522309,39.613996673823074,13
group478.1,102718,-86.44115448419058,39.61233577594245,106
group478.2,52468,-86.445454741875,39.61216282415938,64
group479.1,51488,-86.3013199034127,39.610136631258726,63
group480.1,75795,-85.46602399321013,39.60404278675949,79
group480.2,13608,-85.45768368429376,39.6062032928875,16
group481.1,729689,-86.10570903652676,39.589921389458986,751
group481.2,46185,-86.10518577347179,39.59461854185128,39
group482.1,33796,-85.4293742189913,39.592583109884785,46
group483.1,121935,-86.33855064172693,39.58758928822461,130
group484.1,79799,-86.2414295850967,39.57781806004066,91
group485.1,384683,-86.37578382830566,39.5529378694819,442
group486.1,18976,-87.35171593836364,39.54082981214091,22
group487.1,38840,-84.82370229337442,39.53408216417907,43
group488.1,450997,-87.26864366420827,41.55895751696272,448
group488.2,7939,-87.26772454087,41.55033332987,10
group489.1,41585,-87.4016845508132,41.5635571149434,53
group490.1,275528,-86.90057086356383,41.55915116782325,271
group490.2,151752,-86.89372244199042,41.56061750157124,146
group491.1,58784,-84.91111387258195,41.56001322326805,72
group492.1,25834,-85.43713350226363,41.558114582093935,33
group493.1,19439,-87.41190327740556,41.55607113315,18
group493.2,15310,-87.41023264501,41.55438329467,10
group493.3,20166,-87.40670068788667,41.55342440848666,15
group493.4,6657,-87.40192365901429,41.5503440898,7
group493.5,17118,-87.39367972812144,41.55007042648572,14
group496.1,31399,-84.92540730332045,41.554650284579544,44
group497.1,121643,-87.13991407230374,41.55251858025821,134
group498.1,185516,-87.07200293976341,41.552343845046906,194
group498.2,61944,-87.07811129584675,41.55217652609091,77
group499.1,118768,-87.3812477330102,41.5501379308758,157
group5.1,86045,-87.23924284333205,38.0378176681718,78
group500.1,11457,-87.24401387642307,41.550174903107695,13
group501.1,47006,-85.2203503513077,41.54997312616154,65
group503.1,239776,-87.05310091295662,41.54649350480372,242
group504.1,11996,-87.0896521461875,41.5485378907875,16
group505.1,23557,-84.91198933536538,41.54866720072692,26
group506.1,285280,-85.82030565061606,41.54528052542811,249
group507.1,97378,-86.02372775643371,41.54164654472921,89
group508.1,61159,-85.53418823764927,41.542682497027535,69
group509.1,80207,-86.91786426114804,41.54065176674608,102
group510.1,26475,-86.89989878655456,41.53992189618788,33
group511.1,33223,-84.91260535985201,41.537687442389995,50
group512.1,35642,-84.92623081991316,41.53755279337105,38
group513.1,27176,-87.36936349207568,41.53162787704054,37
group513.2,5827,-87.36533719147778,41.5319717414,9
group514.1,60470,-85.07720670588033,41.529436218214755,61
group515.1,12092,-85.06051645137059,41.52506252710588,17
group516.1,78969,-85.36946317970127,41.5200037494519,79
group517.1,24765,-87.03402947147858,41.51813898950714,28
group518.1,32174,-85.13825550726666,41.515442286946154,39
group521.1,22496,-85.36574145487143,41.50817805580476,21
group523.1,49334,-85.42284087374506,41.50022955154789,71
group524.1,95604,-86.68533845489588,41.49466508967629,97
group525.1,11999,-85.4469091266,41.49104955011333,15
group526.1,26835,-85.40786645496512,41.481906155939534,43
group527.1,28042,-85.36081287336388,41.481094228536115,36
group528.1,23008,-85.59732585966071,41.46613303494286,28
group529.1,38673,-87.03544686850313,41.46409200853437,64
group531.1,117570,-85.57368137484615,41.45386186183615,130
group532.1,25740,-85.59173423460882,41.453838577829416,34
group533.1,22633,-85.60060160894285,41.451522398507144,28
group534.1,26584,-86.140654786425,41.44904089776786,28
group535.1,306735,-86.01377210404829,41.44699793062445,319
group536.1,178310,-87.00021286517527,41.44738684820275,182
group537.1,88419,-86.3153036866018,41.444116454232436,111
group537.2,27418,-86.30973690578422,41.43999426163421,38
group538.1,21653,-85.76334457163125,41.4376644274375,32
group539.1,96538,-85.01647252700079,41.43496521061349,126
group540.1,74211,-84.86893600303766,41.43551997228831,77
group541.1,193293,-85.26217267177405,41.42779720661085,212
group541.2,15221,-85.25971494402222,41.42316741329444,18
group542.1,103539,-87.34762667471456,41.42200187128544,103
group543.1,21370,-85.02542873433461,41.423372046253846,26
group545.1,29707,-84.872620958388,41.416182888832,25
group546.1,159701,-85.65837157594943,41.40875841613391,174
group547.1,187693,-85.60077247915451,41.40680213527854,233
group548.1,19883,-86.378312535515,41.401374098895005,20
group549.1,18240,-85.83733868997601,41.398717616552005,25
group550.1,31457,-85.41188219552001,41.391737234545005,40
group550.2,11856,-85.41543798105334,41.39290601038,15
group550.3,10073,-85.41982358963077,41.39331689714615,13
group550.4,5132,-85.42788847108571,41.3940176661,7
group551.1,48049,-85.5457477055475,41.391509278745005,40
group552.1,42445,-86.58428151885491,41.38730416882745,51
group553.1,15067,-85.660051157245,41.38664449969,20
group553.2,15559,-85.66671442114762,41.38158508046191,21
group554.1,516085,-85.07493093852766,41.37301448334108,611
group555.1,50750,-87.44472809372968,41.374903405390626,64
group556.1,149433,-85.13340203519085,41.36459427459086,164
group557.1,33718,-86.31369425788205,41.36299277758205,39
group558.1,35913,-86.00252861215,41.3605246350125,48
group559.1,93094,-85.23309878662803,41.35985644884018,107
group560.1,92627,-86.31297743735776,41.354579118539654,116
group561.1,41873,-85.48372290445424,41.35376074312373,59
group562.1,184485,-86.29876970344182,41.3513981686897,165
group562.2,26773,-86.30108227544763,41.345101080597615,42
group563.1,45455,-86.33158500126285,41.34543815156,35
group564.1,256764,-86.81343690414627,39.52204839994591,281
group566.1,24735,-87.38300957693333,39.52122769961667,30
group567.1,62425,-85.75786880087223,39.517936627754445,90
group567.2,47803,-85.76699335988195,39.52041469557361,72
group568.1,169849,-86.07827778105512,39.519174773605684,176
group569.1,13809,-86.1684288901,39.518554046941176,17
group570.1,38604,-87.136745833075,39.51768954198864,44
group571.1,196970,-85.79648091211658,39.514799830097324,187
group573.1,23539,-87.382878140088,39.513623577772,25
group574.1,18007,-87.17802075445417,39.51089804464167,24
group575.1,42395,-87.25925068676251,39.49345952173959,48
group576.1,77489,-87.28268417677629,39.48898813782887,97
group577.1,37361,-85.75037638893696,39.48661596000869,46
group578.1,287173,-86.07997087591258,39.475336542087064,286
group579.1,52415,-86.03267417221363,39.46669462898182,66
group580.1,29405,-87.45490476927,39.461004569095,40
group581.1,18745,-87.48819457084616,39.45306006392308,26
group582.1,25658,-86.45860714978214,39.44381128717857,28
group583.1,42088,-85.63239935873392,39.43225871876964,56
group584.1,26030,-86.43658697065294,39.42921492308823,34
group585.1,37174,-87.43684419231464,39.42026246115366,41
group586.1,37842,-84.9082759900186,39.416927631083716,43
group587.1,104311,-86.41749551457029,39.407398956796044,101
group587.2,49448,-86.41963943560783,39.407618071452944,51
group587.3,34965,-86.41738503979575,39.413437481978725,47
group587.4,47172,-86.4207624686303,39.4119416973591,66
group588.1,87023,-87.42388179560761,39.411130675034286,105
group589.1,37414,-85.00825432653333,39.41016357374524,42
group590.1,50625,-85.9518091764386,39.39742944141929,57
group591.1,19903,-87.31743357902857,39.392504132575006,28
group592.1,24413,-87.48628054179687,39.38841788275625,32
group594.1,72218,-85.49750056897591,39.357275177553014,83
group595.1,89028,-85.97829315217315,39.35251851450648,108
group595.2,30978,-85.97414606753095,39.354439858988094,42
group596.1,13709,-85.480615600744,39.347667618908,25
group598.1,22095,-85.49227831174375,39.329974333696875,32
group599.1,164371,-85.97270883167039,39.32273568923185,179
group6.1,1074169,-87.5929726303238,38.03234431719003,1013
group600.1,35239,-84.90416683711739,39.310976429673914,46
group601.1,12527,-85.32729152662,39.30875926753333,15
group602.1,15602,-85.248641288435,39.30849490342,20
group603.2,44521,-85.7731838039245,39.30493333821633,49
group603.4,10344,-85.76573823377143,39.29924597692143,14
group604.3,19551,-85.75755220501364,39.30095293264091,22
group605.1,328900,-85.95768273099118,39.287399521972645,329
group605.2,99323,-85.96950767236557,39.29925725418,90
group606.1,31089,-86.76368298861429,39.29211746744,35
group607.1,61478,-86.77261017895921,39.291133700310525,76
group610.1,18663,-86.38163934079999,39.26393663306111,18
group611.1,26466,-84.82134242087038,39.257474641133335,27
group613.1,8352,-86.61012583147777,39.25152959882222,9
group614.1,12645,-85.94158462602223,39.25124524884445,18
group615.1,601359,-85.89047530332917,39.241484453746665,720
group616.1,62004,-85.74684433333232,39.243215443855384,65
group617.1,63793,-85.09681874907342,39.2337699152443,79
group617.2,14094,-85.09993843571739,39.23742020167391,23
group622.1,14316,-85.8535821748889,39.19268487287222,18
group622.2,8429,-85.86086889781666,39.19881205066667,12
group626.1,37195,-85.93143738333461,39.185464543359615,52
group627.1,236525,-86.54395340336806,39.18267714184182,263
group628.1,246237,-86.58067979330987,39.176730230592256,284
group629.1,8626,-85.58324416853,39.17413186144,10
group63.1,159676,-85.05872960591753,41.756078592491754,194
group630.1,216722,-86.55773064766497,39.166828047479484,234
group631.1,20146,-86.568680425528,39.166181226308,25
group633.1,39312,-86.54448661297833,39.15783958014166,60
group634.1,63741,-86.58859031436,39.1521767600077,65
group634.2,55589,-86.58486080005143,39.15079060028857,70
group634.3,19961,-86.58400971073043,39.14812318693478,23
group635.1,56544,-86.53729733968076,39.145706380342304,52
group635.2,28807,-86.54031914765118,39.14249572740233,43
group636.1,46601,-85.8102339742091,39.1386440190197,66
group637.1,26471,-85.29771649978235,39.13404805115588,34
group637.2,16338,-85.2958039686913,39.12790467550435,23
group638.1,216952,-86.58756950336705,39.12827877657433,261
group64.1,33264,-86.81300922884999,41.750460938834784,46
group640.1,40292,-86.53701780625882,39.127976608411764,51
group641.1,78435,-85.1372276754978,39.12646342932967,91
group642.1,23646,-85.03094234361072,39.124586664775,28
group643.1,44835,-84.85072407892542,39.12315779948136,59
group644.1,196335,-86.5353278384631,39.119079550034954,206
group645.1,42016,-85.09021647968547,39.11865327651818,55
group646.1,16071,-86.976566748405,39.11438833423,20
group647.1,16689,-87.39039899337999,39.094548360750004,20
group648.1,29958,-87.41355483639714,39.085627902177144,35
group649.1,58496,-85.2628413094821,39.073090294595524,67
group650.1,12353,-85.88939783836875,39.057948963625,16
group651.1,37097,-85.537564850912,39.048531992636,50
group652.1,35157,-85.61146160024231,39.04328363773269,52
group653.1,76990,-87.14660700532738,39.04058641752738,84
group654.1,5620,-87.17888082376001,39.03991846821,10
group657.1,13608,-86.93111993353334,39.02901870315556,18
group658.1,22976,-84.95703094919199,39.029116272740005,25
group659.1,22654,-85.05191156445171,39.019562139289654,29
group660.1,30381,-84.95419814317222,39.018517904894445,36
group661.1,112465,-85.64508503142872,39.013702885280196,101
group661.2,53559,-85.64730015268923,39.01565387888769,65
group661.3,25242,-85.64370719111211,39.01620249018182,33
group662.1,21643,-85.63279426731786,38.996289950707144,28
group663.1,12175,-85.61668866831539,38.99512700413077,13
group664.1,15567,-87.08557721125909,38.98643600298636,22
group665.1,35468,-85.87869113880227,38.960011333279546,44
group665.2,12041,-85.88063429975,38.95952172206875,16
group666.1,27600,-84.86390276481795,38.9560740014641,39
group667.1,113556,-85.90504856604701,38.94923281586716,134
group668.1,476090,-85.87557517134286,38.9443807478199,623
group669.1,12296,-86.05041864522308,38.88592018214616,13
group670.1,140541,-86.04782575542745,38.87439716187676,142
group671.1,12979,-84.81147744665,38.858680077972224,18
group672.1,56098,-86.51641087318451,38.843802346187324,71
group673.1,9558,-86.17242316934545,38.825731266063634,11
group674.1,70843,-86.50045446480732,38.82349687504878,82
group676.1,154214,-85.38981460964179,38.79185393495397,189
group678.1,160049,-85.45409219388729,38.75072302913069,189
group68.1,44960,-84.83269873869475,41.74302649208684,38
group681.1,74641,-86.4764884642238,38.7457846720873,63
group682.1,62383,-85.39472291038135,38.7439815436,59
group682.2,18682,-85.38801937522,38.740113562456,25
group684.1,54960,-85.8240054235,38.734096300508334,60
group684.2,31848,-85.81756096214474,38.73460681694474,38
group685.1,23760,-86.47748833661282,38.729661862082054,39
group686.1,33756,-87.48109209845228,38.72817910115682,44
group688.1,38403,-85.47640035815532,38.712869430051065,47
group688.2,11104,-85.46838475332,38.718120816840006,15
group689.1,33468,-87.48578355573076,38.716607617341026,39
group690.1,47354,-85.81135578472778,38.71516245894814,54
group692.1,28170,-85.481104892135,38.712741338525,40
group693.1,41307,-85.22783390291698,38.711267660933956,53
group694.1,38662,-87.49585041369302,38.698044227034885,43
group696.1,37875,-85.77195989323751,38.6950408574375,48
group696.2,17178,-85.77807013179584,38.6906697912875,24
group697.1,27788,-85.79270323401562,38.68893000456875,32
group698.1,92479,-87.49876554438335,38.68706150750392,102
group7.1,46203,-87.36592882584034,38.03144097063509,57
group7.2,11323,-87.36667572185,38.036229664,12
group70.1,18191,-85.660133351328,41.74121656802,25
group700.1,13776,-86.91590343634736,38.68153907250526,19
group701.1,124318,-85.80652573638844,38.67690459829091,121
group703.1,29364,-86.92224424157949,38.672787761258974,39
group703.2,19606,-86.92019462507693,38.669707614388464,26
group704.1,62186,-85.77688816348355,38.66928106718228,79
group704.2,29744,-85.78008536973611,38.67038795178611,36
group709.1,43842,-86.43955021622693,38.660285917759616,52
group71.1,47900,-86.82480945743103,41.739093297241375,58
group711.1,79298,-87.14547652640395,38.659769954181584,76
group712.1,14128,-86.4728213281,38.65842298106111,18
group713.1,55629,-87.15676089346753,38.651527976301296,77
group714.1,28810,-87.53288093687073,38.64621912969512,41
group715.1,9937,-87.23064538746429,38.64800563672857,14
group716.1,81278,-87.1726494949238,38.6438450581019,105
group717.1,42992,-87.1827414017537,38.626720403979625,54
group718.1,32849,-86.1379718647725,38.6099875423475,40
group718.2,39599,-86.13292722516,38.610182561602,50
group719.1,11327,-86.09613057853572,38.60065749734999,14
group719.2,9448,-86.09488177455715,38.60272270706429,14
group72.1,74239,-84.936836559125,41.737181663485416,96
group721.1,205397,-86.06268878709957,38.58664681820129,232
group722.1,15137,-86.47686732666111,38.565968953394446,18
group723.1,10797,-86.46935913726111,38.55378297212778,18
group725.1,33966,-86.00533138674324,38.512001825351355,37
group726.1,22219,-87.27116270480323,38.49658362466129,31
group727.1,11317,-85.95106771005715,38.46988812753572,14
group728.1,15279,-85.66377837752,38.45677254972,20
group729.1,27629,-85.544560445084,38.455582252428,25
group730.1,109873,-86.94877643485081,38.434833202453284,122
group734.1,40009,-86.99255659917354,38.176330612802936,34
group74.1,14300,-85.01265717550001,41.729099410033335,18
group75.1,215933,-86.82357697856573,41.71787178708843,216
group752.1,39341,-86.91615926715278,38.128186223381945,72
group76.1,149416,-85.07082652278933,41.717241062968036,122
group76.2,16560,-85.06687325496,41.71908432233333,15
group77.1,103601,-85.96988228310497,41.71691691132908,141
group78.1,764779,-85.95171332571702,41.71392194702699,752
group79.1,51434,-85.79046643054865,41.716659894694594,74
group80.1,361051,-86.05774318988047,41.70979465002571,389
group81.1,15465,-86.53591045138276,41.71017989576897,29
group82.1,154877,-86.19444626081818,41.70727834215341,176
group82.2,98023,-86.194144611665,41.702817648335,80
group83.1,29043,-85.97078862930962,41.70891534359615,52
group84.1,255549,-86.01582173680681,41.70327130465913,323
group84.2,119379,-86.02123792054172,41.70080357276953,151
group84.3,60840,-86.02460817089344,41.70027081092131,61
group86.1,467032,-85.86510236568047,41.701672617478586,481
group87.1,66023,-85.42418653566267,41.704351271848005,75
group88.1,38590,-85.10530330839819,41.70405301002,55
group89.1,28926,-85.0506151137,41.702664610689745,39
group9.1,177354,-87.49516314080597,38.024359681756216,201
group90.1,40634,-86.71909903548912,41.70257183836739,46
group91.1,48091,-86.32515448290616,41.69783292135846,65
group91.2,30901,-86.32742619658126,41.69977479620417,48
group92.1,36579,-85.06169984951957,41.70011064861739,46
group93.1,56855,-86.78050196443898,41.69837268959661,59
group96.1,16865,-86.76860192802778,41.68743166987222,18
group97.1,35208,-85.70405963652682,41.684529227829266,41
group98.1,87938,-85.03416471046039,41.6807773197217,106
group98.2,14300,-85.03498364089049,41.679365232923814,21
group99.1,43332,-84.97189471848637,41.684865850997724,44
